,LOSS,RMSE,NLL,Q-10,Q-20,Q-30,Q-40,Q-50,Q-60,Q-70,Q-80,Q-90,CRPS,val_NLL,prior_std,log_variance,iterations,weight_decay,dataset,MAP_iterations,M,seed,time
0,0.0,9.968822,4.119850158691406,0.5156082510948181,0.788959801197052,0.8945191502571106,0.9397076964378357,0.9624825119972229,0.9752171635627747,0.9830079674720764,0.9878268241882324,0.9916837215423584,6.224981307983398,4.097967624664307,0.8,-0.0,40000,0.01,Taxi,20000,2000,4,804.047987035
