,LOSS,RMSE,NLL,Q-10,Q-20,Q-30,Q-40,Q-50,Q-60,Q-70,Q-80,Q-90,CRPS,val_NLL,prior_std,log_variance,iterations,weight_decay,dataset,MAP_iterations,M,seed,time
0,0.0,38.90298,5.592296123504639,0.08182231336832047,0.16543231904506683,0.2529889643192291,0.3484877347946167,0.44844797253608704,0.5496915578842163,0.6527343988418579,0.7535299062728882,0.8515114784240723,18.03426742553711,5.292971611022949,0.8,-1.0,40000,0.01,Airline,20000,2000,1,182.32813988299998
