,LOSS,RMSE,NLL,Q-10,Q-20,Q-30,Q-40,Q-50,Q-60,Q-70,Q-80,Q-90,CRPS,val_NLL,prior_std,log_variance,iterations,weight_decay,dataset,MAP_iterations,M,seed,time
0,0.0,38.90298,34.46896743774414,0.01834678091108799,0.0365239717066288,0.05588555335998535,0.07642075419425964,0.0973753035068512,0.12128651887178421,0.15055426955223083,0.18693876266479492,0.2405853569507599,21.4251766204834,28.458389282226562,0.2,-4.0,40000,0.01,Airline,20000,2000,4,184.862585408
