,LOSS,RMSE,NLL,Q-10,Q-20,Q-30,Q-40,Q-50,Q-60,Q-70,Q-80,Q-90,CRPS,val_NLL,prior_std,log_variance,iterations,weight_decay,dataset,MAP_iterations,M,seed,time
0,0.0,38.90298,88.8803482055664,0.011244392022490501,0.022455578669905663,0.03370055556297302,0.04601933807134628,0.0593775250017643,0.0744524598121643,0.09074517339468002,0.11181765794754028,0.1447305679321289,22.280502319335938,72.54725646972656,0.6,-5.0,40000,0.01,Airline,20000,2000,3,186.11018597
