,LOSS,RMSE,NLL,Q-10,Q-20,Q-30,Q-40,Q-50,Q-60,Q-70,Q-80,Q-90,CRPS,val_NLL,prior_std,log_variance,iterations,weight_decay,dataset,MAP_iterations,M,seed,time
0,0.0,9.968822,4.120497226715088,0.5153191685676575,0.7887619137763977,0.8944183588027954,0.9396190643310547,0.9624199867248535,0.9751687049865723,0.9829918742179871,0.9878146648406982,0.991678774356842,6.22189474105835,4.097900867462158,0.3,-0.0,40000,0.01,Taxi,20000,2000,4,3075.23568023
