,LOSS,RMSE,NLL,Q-10,Q-20,Q-30,Q-40,Q-50,Q-60,Q-70,Q-80,Q-90,CRPS,val_NLL,prior_std,log_variance,iterations,weight_decay,dataset,MAP_iterations,M,seed,time
0,0.0,38.90298,5.592678070068359,0.08181481063365936,0.165416419506073,0.2529600262641907,0.3484548032283783,0.44839900732040405,0.5496359467506409,0.6526925563812256,0.7534842491149902,0.851482093334198,18.034334182739258,5.293217658996582,0.4,-1.0,40000,0.01,Airline,20000,2000,1,185.89260673799998
