,LOSS,RMSE,NLL,Q-10,Q-20,Q-30,Q-40,Q-50,Q-60,Q-70,Q-80,Q-90,CRPS,val_NLL,prior_std,log_variance,iterations,weight_decay,dataset,MAP_iterations,M,seed,time
0,0.0,9.968822,4.516916751861572,0.12906591594219208,0.2550187110900879,0.37541285157203674,0.48750898241996765,0.590123176574707,0.6804239749908447,0.7588968276977539,0.8249366283416748,0.8850710988044739,3.5061452388763428,4.074598789215088,0.1,-3.0,40000,0.01,Taxi,20000,2000,2,810.8522261869999
