,LOSS,RMSE,NLL,Q-10,Q-20,Q-30,Q-40,Q-50,Q-60,Q-70,Q-80,Q-90,CRPS,val_NLL,prior_std,log_variance,iterations,weight_decay,dataset,MAP_iterations,M,seed,time
0,0.0,9.968822,3.7900004386901855,0.33653444051742554,0.598691463470459,0.7626807689666748,0.8528726696968079,0.9048188328742981,0.9365840554237366,0.9569754600524902,0.9711920619010925,0.9818252921104431,4.547970294952393,3.730685234069824,0.8,-1.0,40000,0.01,Taxi,20000,2000,3,809.454658874
