,LOSS,RMSE,NLL,Q-10,Q-20,Q-30,Q-40,Q-50,Q-60,Q-70,Q-80,Q-90,CRPS,val_NLL,prior_std,log_variance,iterations,weight_decay,dataset,MAP_iterations,M,seed,time
0,0.0,9.968822,3.789930820465088,0.33652305603027344,0.5986735820770264,0.7626623511314392,0.852864682674408,0.904812216758728,0.9365779757499695,0.9569745063781738,0.9711897373199463,0.9818238019943237,4.547886371612549,3.730729103088379,0.6,-1.0,40000,0.01,Taxi,20000,2000,0,804.5658536960001
