,LOSS,RMSE,NLL,Q-10,Q-20,Q-30,Q-40,Q-50,Q-60,Q-70,Q-80,Q-90,CRPS,val_NLL,prior_std,log_variance,iterations,weight_decay,dataset,MAP_iterations,M,seed,time
0,0.0,9.968822,3.7521448135375977,0.21030208468437195,0.4027253985404968,0.5653955340385437,0.6909717917442322,0.7824198007583618,0.8461161851882935,0.892610490322113,0.9261266589164734,0.9539234638214111,3.7537310123443604,3.5913498401641846,0.2,-2.0,40000,0.01,Taxi,20000,2000,4,807.526322357
