,LOSS,RMSE,NLL,Q-10,Q-20,Q-30,Q-40,Q-50,Q-60,Q-70,Q-80,Q-90,CRPS,val_NLL,prior_std,log_variance,iterations,weight_decay,dataset,MAP_iterations,M,seed,time
0,0.0,9.968822,4.507333278656006,0.12908126413822174,0.2550446093082428,0.3754611015319824,0.4875662922859192,0.5901739597320557,0.6804764270782471,0.7589462399482727,0.8249749541282654,0.885100245475769,3.506153106689453,4.071387767791748,0.5,-3.0,40000,0.01,Taxi,20000,2000,4,1108.8385702829999
