,LOSS,RMSE,NLL,Q-10,Q-20,Q-30,Q-40,Q-50,Q-60,Q-70,Q-80,Q-90,CRPS,val_NLL,prior_std,log_variance,iterations,weight_decay,dataset,MAP_iterations,M,seed,time
0,0.0,38.90298,5.086507797241211,0.13424570858478546,0.2756974995136261,0.4222050607204437,0.5626950263977051,0.686644971370697,0.7878986597061157,0.8628210425376892,0.911448061466217,0.936347484588623,18.437042236328125,4.976187705993652,0.5,-0.0,40000,0.01,Airline,20000,2000,4,259.681973576
