,LOSS,RMSE,NLL,Q-10,Q-20,Q-30,Q-40,Q-50,Q-60,Q-70,Q-80,Q-90,CRPS,val_NLL,prior_std,log_variance,iterations,weight_decay,dataset,MAP_iterations,M,seed,time
0,0.0,38.90298,5.593339920043945,0.08180612325668335,0.1653805375099182,0.25291708111763,0.3484126925468445,0.4483301341533661,0.5495491623878479,0.65262770652771,0.7533849477767944,0.8514349460601807,18.03447151184082,5.293673992156982,0.1,-1.0,40000,0.01,Airline,20000,2000,1,186.647793773
