,LOSS,RMSE,NLL,Q-10,Q-20,Q-30,Q-40,Q-50,Q-60,Q-70,Q-80,Q-90,CRPS,val_NLL,prior_std,log_variance,iterations,weight_decay,dataset,MAP_iterations,M,seed,time
0,0.0,9.968822,7.342773914337158,0.07840093970298767,0.15733568370342255,0.23613445460796356,0.3158552646636963,0.39564353227615356,0.47750362753868103,0.5613130331039429,0.6487014293670654,0.7457582354545593,3.5661730766296387,6.200814247131348,0.1,-4.0,40000,0.01,Taxi,20000,2000,1,862.373871179
