,LOSS,RMSE,NLL,Q-10,Q-20,Q-30,Q-40,Q-50,Q-60,Q-70,Q-80,Q-90,CRPS,val_NLL,prior_std,log_variance,iterations,weight_decay,dataset,MAP_iterations,M,seed,time
0,0.0,38.90298,34.46485137939453,0.01834747940301895,0.0365239717066288,0.055889345705509186,0.07642536610364914,0.0973815992474556,0.12129401415586472,0.15056677162647247,0.1869521588087082,0.24060487747192383,21.425031661987305,28.455236434936523,0.4,-4.0,40000,0.01,Airline,20000,2000,3,186.822696864
