,LOSS,RMSE,NLL,Q-10,Q-20,Q-30,Q-40,Q-50,Q-60,Q-70,Q-80,Q-90,CRPS,val_NLL,prior_std,log_variance,iterations,weight_decay,dataset,MAP_iterations,M,seed,time
0,0.0,9.968822,7.336422920227051,0.07840307801961899,0.15734000504016876,0.23614054918289185,0.31586331129074097,0.395653635263443,0.47751596570014954,0.5613238215446472,0.6487131118774414,0.7457679510116577,3.566164255142212,6.198243141174316,0.5,-4.0,40000,0.01,Taxi,20000,2000,1,544.8765475140001
