,LOSS,RMSE,NLL,Q-10,Q-20,Q-30,Q-40,Q-50,Q-60,Q-70,Q-80,Q-90,CRPS,val_NLL,prior_std,log_variance,iterations,weight_decay,dataset,MAP_iterations,M,seed,time
0,0.0,38.90298,34.46830749511719,0.01834678091108799,0.0365239717066288,0.05588584765791893,0.07642045617103577,0.09737560898065567,0.12128680944442749,0.1505543738603592,0.18693935871124268,0.24058695137500763,21.425172805786133,28.45798110961914,0.2,-4.0,40000,0.01,Airline,20000,2000,2,188.85025362000002
