,LOSS,RMSE,NLL,Q-10,Q-20,Q-30,Q-40,Q-50,Q-60,Q-70,Q-80,Q-90,CRPS,val_NLL,prior_std,log_variance,iterations,weight_decay,dataset,MAP_iterations,M,seed,time
0,0.0,9.968822,3.790839910507202,0.3365052342414856,0.598648190498352,0.7626399397850037,0.8528506755828857,0.9048014283180237,0.9365695118904114,0.9569692611694336,0.9711862206459045,0.9818217158317566,4.547741413116455,3.7309446334838867,0.5,-1.0,40000,0.01,Taxi,20000,2000,2,812.978217865
