,LOSS,RMSE,NLL,Q-10,Q-20,Q-30,Q-40,Q-50,Q-60,Q-70,Q-80,Q-90,CRPS,val_NLL,prior_std,log_variance,iterations,weight_decay,dataset,MAP_iterations,M,seed,time
0,0.0,9.968822,3.7525527477264404,0.21029171347618103,0.4027090072631836,0.565373957157135,0.6909470558166504,0.7824050784111023,0.8461037874221802,0.8925994634628296,0.9261189103126526,0.9539177417755127,3.753685474395752,3.591668128967285,0.2,-2.0,40000,0.01,Taxi,20000,2000,0,804.4975360689999
