,LOSS,RMSE,NLL,Q-10,Q-20,Q-30,Q-40,Q-50,Q-60,Q-70,Q-80,Q-90,CRPS,val_NLL,prior_std,log_variance,iterations,weight_decay,dataset,MAP_iterations,M,seed,time
0,0.0,38.90298,5.086475849151611,0.1342541128396988,0.27570846676826477,0.42222118377685547,0.5627273917198181,0.6866656541824341,0.7879159450531006,0.8628305792808533,0.911450982093811,0.9363512396812439,18.437166213989258,4.976176738739014,0.9,-0.0,40000,0.01,Airline,20000,2000,0,380.718370773
