,LOSS,RMSE,NLL,Q-10,Q-20,Q-30,Q-40,Q-50,Q-60,Q-70,Q-80,Q-90,CRPS,val_NLL,prior_std,log_variance,iterations,weight_decay,dataset,MAP_iterations,M,seed,time
0,0.0,9.968822,4.5287299156188965,0.12908753752708435,0.25504571199417114,0.37547436356544495,0.4875834584236145,0.5901777148246765,0.6804789304733276,0.7589515447616577,0.8249771595001221,0.885103702545166,3.5061604976654053,4.077236175537109,0.01,-3.0,40000,0.01,Taxi,20000,2000,3,546.952438088
