,LOSS,RMSE,NLL,Q-10,Q-20,Q-30,Q-40,Q-50,Q-60,Q-70,Q-80,Q-90,CRPS,val_NLL,prior_std,log_variance,iterations,weight_decay,dataset,MAP_iterations,M,seed,time
0,0.0,9.968822,4.5087175369262695,0.12907497584819794,0.2550356984138489,0.375438392162323,0.48753881454467773,0.590149998664856,0.6804519295692444,0.7589221596717834,0.8249555230140686,0.8850849866867065,3.506150722503662,4.0724406242370605,0.5,-3.0,40000,0.01,Taxi,20000,2000,0,811.760010212
