,LOSS,RMSE,NLL,Q-10,Q-20,Q-30,Q-40,Q-50,Q-60,Q-70,Q-80,Q-90,CRPS,val_NLL,prior_std,log_variance,iterations,weight_decay,dataset,MAP_iterations,M,seed,time
0,0.0,9.968822,4.509438514709473,0.12907327711582184,0.2550315260887146,0.37543410062789917,0.48753300309181213,0.5901457071304321,0.6804478168487549,0.7589171528816223,0.8249527215957642,0.8850821852684021,3.5061471462249756,4.07265043258667,0.1,-3.0,40000,0.01,Taxi,20000,2000,1,812.359108117
