,LOSS,RMSE,NLL,Q-10,Q-20,Q-30,Q-40,Q-50,Q-60,Q-70,Q-80,Q-90,CRPS,val_NLL,prior_std,log_variance,iterations,weight_decay,dataset,MAP_iterations,M,seed,time
0,0.0,9.968822,7.366711139678955,0.07841736823320389,0.15734800696372986,0.23613788187503815,0.3158535063266754,0.39563611149787903,0.4774855077266693,0.5612910985946655,0.6486777067184448,0.7457377910614014,3.5664398670196533,6.211565017700195,0.2,-4.0,40000,0.01,Taxi,20000,2000,2,498.55559301599993
