,LOSS,RMSE,NLL,Q-10,Q-20,Q-30,Q-40,Q-50,Q-60,Q-70,Q-80,Q-90,CRPS,val_NLL,prior_std,log_variance,iterations,weight_decay,dataset,MAP_iterations,M,seed,time
0,0.0,9.968822,3.789865016937256,0.33653801679611206,0.5986954569816589,0.76268470287323,0.852873682975769,0.9048205614089966,0.9365852475166321,0.9569756984710693,0.9711923003196716,0.981825590133667,4.547998428344727,3.7306461334228516,0.4,-1.0,40000,0.01,Taxi,20000,2000,4,803.504962638
