,LOSS,RMSE,NLL,Q-10,Q-20,Q-30,Q-40,Q-50,Q-60,Q-70,Q-80,Q-90,CRPS,val_NLL,prior_std,log_variance,iterations,weight_decay,dataset,MAP_iterations,M,seed,time
0,0.0,9.316824,20.99386978149414,0.01921132020652294,0.03967361897230148,0.06129596382379532,0.08342979848384857,0.10823977738618851,0.13558125495910645,0.1666480153799057,0.20602156221866608,0.26546013355255127,5.890100479125977,20.385522842407227,0.7,-4.0,40000,0.01,Year,20000,2000,1,144.089514398
