,LOSS,RMSE,NLL,Q-10,Q-20,Q-30,Q-40,Q-50,Q-60,Q-70,Q-80,Q-90,CRPS,val_NLL,prior_std,log_variance,iterations,weight_decay,dataset,MAP_iterations,M,seed,time
0,0.0,9.968822,4.119894027709961,0.5155794620513916,0.7889418601989746,0.8945090174674988,0.9396985769271851,0.9624778628349304,0.975210964679718,0.9830071330070496,0.9878259301185608,0.9916834235191345,6.224691390991211,4.097980976104736,0.5,-0.0,40000,0.01,Taxi,20000,2000,0,861.621359185
