,LOSS,RMSE,NLL,Q-10,Q-20,Q-30,Q-40,Q-50,Q-60,Q-70,Q-80,Q-90,CRPS,val_NLL,prior_std,log_variance,iterations,weight_decay,dataset,MAP_iterations,M,seed,time
0,0.0,38.90298,5.592555046081543,0.08181671798229218,0.1654217392206192,0.25296923518180847,0.3484639823436737,0.44841432571411133,0.549655020236969,0.6527066826820374,0.7534993290901184,0.8514920473098755,18.034311294555664,5.293135166168213,0.5,-1.0,40000,0.01,Airline,20000,2000,2,275.356090603
