,LOSS,RMSE,NLL,Q-10,Q-20,Q-30,Q-40,Q-50,Q-60,Q-70,Q-80,Q-90,CRPS,val_NLL,prior_std,log_variance,iterations,weight_decay,dataset,MAP_iterations,M,seed,time
0,0.0,38.90298,88.87356567382812,0.01124409306794405,0.02245577797293663,0.03370045870542526,0.046018335968256,0.059377431869506836,0.07445186376571655,0.09074527770280838,0.11181603372097015,0.14472757279872894,22.2805118560791,72.54377746582031,0.4,-5.0,40000,0.01,Airline,20000,2000,0,187.46826933699998
