,LOSS,RMSE,NLL,Q-10,Q-20,Q-30,Q-40,Q-50,Q-60,Q-70,Q-80,Q-90,CRPS,val_NLL,prior_std,log_variance,iterations,weight_decay,dataset,MAP_iterations,M,seed,time
0,0.0,9.968822,3.789994478225708,0.3365344703197479,0.5986918807029724,0.7626811265945435,0.8528727889060974,0.9048188328742981,0.9365841746330261,0.9569755792617798,0.9711921215057373,0.9818252921104431,4.547972202301025,3.7306830883026123,0.9,-1.0,40000,0.01,Taxi,20000,2000,3,801.563563359
