,LOSS,RMSE,NLL,Q-10,Q-20,Q-30,Q-40,Q-50,Q-60,Q-70,Q-80,Q-90,CRPS,val_NLL,prior_std,log_variance,iterations,weight_decay,dataset,MAP_iterations,M,seed,time
0,0.0,9.968822,16.20570182800293,0.04790704324841499,0.09604842215776443,0.14512096345424652,0.19658756256103516,0.2501419186592102,0.3079473078250885,0.3719959855079651,0.4467541575431824,0.5452821254730225,3.757565498352051,12.964061737060547,0.01,-5.0,40000,0.01,Taxi,20000,2000,1,823.5811049460001
