,LOSS,RMSE,NLL,Q-10,Q-20,Q-30,Q-40,Q-50,Q-60,Q-70,Q-80,Q-90,CRPS,val_NLL,prior_std,log_variance,iterations,weight_decay,dataset,MAP_iterations,M,seed,time
0,0.0,9.968822,4.510822296142578,0.12907561659812927,0.25503578782081604,0.37544533610343933,0.4875466525554657,0.5901581645011902,0.6804577112197876,0.7589294910430908,0.8249615430831909,0.8850909471511841,3.506148099899292,4.072537422180176,0.1,-3.0,40000,0.01,Taxi,20000,2000,3,718.357751752
