,LOSS,RMSE,NLL,Q-10,Q-20,Q-30,Q-40,Q-50,Q-60,Q-70,Q-80,Q-90,CRPS,val_NLL,prior_std,log_variance,iterations,weight_decay,dataset,MAP_iterations,M,seed,time
0,0.0,38.90298,5.086519241333008,0.13424330949783325,0.27569419145584106,0.42219868302345276,0.5626838803291321,0.6866370439529419,0.7878930568695068,0.862817108631134,0.911447286605835,0.9363464713096619,18.436992645263672,4.976191520690918,0.4,-0.0,40000,0.01,Airline,20000,2000,0,267.033432391
