,LOSS,RMSE,NLL,Q-10,Q-20,Q-30,Q-40,Q-50,Q-60,Q-70,Q-80,Q-90,CRPS,val_NLL,prior_std,log_variance,iterations,weight_decay,dataset,MAP_iterations,M,seed,time
0,0.0,9.968822,3.790160655975342,0.3365282118320465,0.5986822247505188,0.7626720070838928,0.8528675436973572,0.9048153758049011,0.9365801215171814,0.9569734334945679,0.9711904525756836,0.9818246960639954,4.547921180725098,3.730725049972534,0.2,-1.0,40000,0.01,Taxi,20000,2000,4,811.80262581
