,LOSS,RMSE,NLL,Q-10,Q-20,Q-30,Q-40,Q-50,Q-60,Q-70,Q-80,Q-90,CRPS,val_NLL,prior_std,log_variance,iterations,weight_decay,dataset,MAP_iterations,M,seed,time
0,0.0,9.968822,4.50926399230957,0.12907837331295013,0.25504034757614136,0.3754537105560303,0.4875561594963074,0.5901666879653931,0.6804667711257935,0.7589374780654907,0.8249678611755371,0.8850963711738586,3.506150484085083,4.072052478790283,0.3,-3.0,40000,0.01,Taxi,20000,2000,3,808.557389446
