,LOSS,RMSE,NLL,Q-10,Q-20,Q-30,Q-40,Q-50,Q-60,Q-70,Q-80,Q-90,CRPS,val_NLL,prior_std,log_variance,iterations,weight_decay,dataset,MAP_iterations,M,seed,time
0,0.0,9.968822,4.119844913482666,0.5156088471412659,0.7889603972434998,0.8945196270942688,0.9397079348564148,0.9624826908111572,0.975217342376709,0.9830080270767212,0.9878268241882324,0.9916837811470032,6.224991321563721,4.09796667098999,0.9,-0.0,40000,0.01,Taxi,20000,2000,4,807.028383365
