,LOSS,RMSE,NLL,Q-10,Q-20,Q-30,Q-40,Q-50,Q-60,Q-70,Q-80,Q-90,CRPS,val_NLL,prior_std,log_variance,iterations,weight_decay,dataset,MAP_iterations,M,seed,time
0,0.0,9.968822,4.120535373687744,0.5153120756149292,0.7887551188468933,0.894416332244873,0.9396169781684875,0.9624181389808655,0.975167453289032,0.9829913973808289,0.9878143072128296,0.9916786551475525,6.221810340881348,4.097908020019531,0.1,-0.0,40000,0.01,Taxi,20000,2000,1,2803.9267873800004
