,LOSS,RMSE,NLL,Q-10,Q-20,Q-30,Q-40,Q-50,Q-60,Q-70,Q-80,Q-90,CRPS,val_NLL,prior_std,log_variance,iterations,weight_decay,dataset,MAP_iterations,M,seed,time
0,0.0,9.968822,4.119851589202881,0.5155817866325378,0.7889437079429626,0.89451003074646,0.9396998286247253,0.9624781012535095,0.9752109050750732,0.9830072522163391,0.9878260493278503,0.9916836023330688,6.2247090339660645,4.097967147827148,0.5,-0.0,40000,0.01,Taxi,20000,2000,1,864.123881536
