,LOSS,RMSE,NLL,Q-10,Q-20,Q-30,Q-40,Q-50,Q-60,Q-70,Q-80,Q-90,CRPS,val_NLL,prior_std,log_variance,iterations,weight_decay,dataset,MAP_iterations,M,seed,time
0,0.0,9.968822,3.793452501296997,0.3363218903541565,0.5983762741088867,0.7624021768569946,0.8527106046676636,0.9046812653541565,0.9364900588989258,0.9569254517555237,0.9711480736732483,0.981800377368927,4.546268463134766,3.7315876483917236,0.01,-1.0,40000,0.01,Taxi,20000,2000,1,3229.123473223
