,LOSS,RMSE,NLL,Q-10,Q-20,Q-30,Q-40,Q-50,Q-60,Q-70,Q-80,Q-90,CRPS,val_NLL,prior_std,log_variance,iterations,weight_decay,dataset,MAP_iterations,M,seed,time
0,0.0,9.968822,4.507678031921387,0.1290755271911621,0.2550356984138489,0.37544044852256775,0.48754027485847473,0.5901533961296082,0.6804549694061279,0.7589231133460999,0.824957549571991,0.8850869536399841,3.5061495304107666,4.072167873382568,0.4,-3.0,40000,0.01,Taxi,20000,2000,1,805.842376481
