,LOSS,RMSE,NLL,Q-10,Q-20,Q-30,Q-40,Q-50,Q-60,Q-70,Q-80,Q-90,CRPS,val_NLL,prior_std,log_variance,iterations,weight_decay,dataset,MAP_iterations,M,seed,time
0,0.0,9.316824,4.977583408355713,0.053751084953546524,0.11047180742025375,0.16828815639019012,0.2298746258020401,0.2968272268772125,0.3694131672382355,0.4513431489467621,0.5491740107536316,0.659428596496582,5.181116104125977,4.895235538482666,0.2,-2.0,40000,0.01,Year,20000,2000,4,159.43890766700002
