,LOSS,RMSE,NLL,Q-10,Q-20,Q-30,Q-40,Q-50,Q-60,Q-70,Q-80,Q-90,CRPS,val_NLL,prior_std,log_variance,iterations,weight_decay,dataset,MAP_iterations,M,seed,time
0,0.0,9.968822,15.96812629699707,0.04792459309101105,0.0960848480463028,0.14517900347709656,0.1966673880815506,0.2502351403236389,0.3080563545227051,0.37213099002838135,0.4468987286090851,0.545440673828125,3.7573935985565186,12.875065803527832,0.5,-5.0,40000,0.01,Taxi,20000,2000,1,544.671274865
