,LOSS,RMSE,NLL,Q-10,Q-20,Q-30,Q-40,Q-50,Q-60,Q-70,Q-80,Q-90,CRPS,val_NLL,prior_std,log_variance,iterations,weight_decay,dataset,MAP_iterations,M,seed,time
0,0.0,9.968822,7.325165271759033,0.07841293513774872,0.15735843777656555,0.2361731380224228,0.31589797139167786,0.3957000970840454,0.4775678217411041,0.5613830089569092,0.6487669348716736,0.7458092570304871,3.566117525100708,6.191860675811768,0.4,-4.0,40000,0.01,Taxi,20000,2000,4,544.8354622889999
