,LOSS,RMSE,NLL,Q-10,Q-20,Q-30,Q-40,Q-50,Q-60,Q-70,Q-80,Q-90,CRPS,val_NLL,prior_std,log_variance,iterations,weight_decay,dataset,MAP_iterations,M,seed,time
0,0.0,38.90298,5.086497783660889,0.13424800336360931,0.27570056915283203,0.42221033573150635,0.5627049803733826,0.6866518259048462,0.7879046201705933,0.862824022769928,0.9114486575126648,0.9363484382629395,18.43708038330078,4.97618293762207,0.6,-0.0,40000,0.01,Airline,20000,2000,2,255.56698937800002
