,LOSS,RMSE,NLL,Q-10,Q-20,Q-30,Q-40,Q-50,Q-60,Q-70,Q-80,Q-90,CRPS,val_NLL,prior_std,log_variance,iterations,weight_decay,dataset,MAP_iterations,M,seed,time
0,0.0,38.90298,34.4583625793457,0.01834747940301895,0.03652487322688103,0.055890947580337524,0.07642656564712524,0.09738411754369736,0.1212979182600975,0.1505715698003769,0.18695484101772308,0.24061088263988495,21.424991607666016,28.451404571533203,0.7,-4.0,40000,0.01,Airline,20000,2000,2,360.248251863
