,LOSS,RMSE,NLL,Q-10,Q-20,Q-30,Q-40,Q-50,Q-60,Q-70,Q-80,Q-90,CRPS,val_NLL,prior_std,log_variance,iterations,weight_decay,dataset,MAP_iterations,M,seed,time
0,0.0,9.968822,3.7934529781341553,0.3363220691680908,0.5983765125274658,0.7624020576477051,0.8527105450630188,0.904681384563446,0.9364901781082153,0.9569254517555237,0.9711480736732483,0.981800377368927,4.54626989364624,3.7315876483917236,0.01,-1.0,40000,0.01,Taxi,20000,2000,4,3168.086428022
