,LOSS,RMSE,NLL,Q-10,Q-20,Q-30,Q-40,Q-50,Q-60,Q-70,Q-80,Q-90,CRPS,val_NLL,prior_std,log_variance,iterations,weight_decay,dataset,MAP_iterations,M,seed,time
0,0.0,38.90298,14.786884307861328,0.029927557334303856,0.06054992228746414,0.09162996709346771,0.12440377473831177,0.16167998313903809,0.2022016942501068,0.24996595084667206,0.31239134073257446,0.40235841274261475,20.25974464416504,12.568696022033691,0.001,-3.0,40000,0.01,Airline,20000,2000,1,184.731905012
