,LOSS,RMSE,NLL,Q-10,Q-20,Q-30,Q-40,Q-50,Q-60,Q-70,Q-80,Q-90,CRPS,val_NLL,prior_std,log_variance,iterations,weight_decay,dataset,MAP_iterations,M,seed,time
0,0.0,38.90298,5.592470169067383,0.08181911706924438,0.16542553901672363,0.2529761493206024,0.34847137331962585,0.4484260082244873,0.549670934677124,0.6527175903320312,0.7535104751586914,0.8514999747276306,18.034299850463867,5.293083190917969,0.6,-1.0,40000,0.01,Airline,20000,2000,4,184.135596679
