,LOSS,RMSE,NLL,Q-10,Q-20,Q-30,Q-40,Q-50,Q-60,Q-70,Q-80,Q-90,CRPS,val_NLL,prior_std,log_variance,iterations,weight_decay,dataset,MAP_iterations,M,seed,time
0,0.0,38.90298,88.87989044189453,0.011244392022490501,0.022455578669905663,0.0337008573114872,0.04601943865418434,0.059377726167440414,0.07445256412029266,0.09074537456035614,0.11181845515966415,0.14473114907741547,22.28049659729004,72.54690551757812,0.7,-5.0,40000,0.01,Airline,20000,2000,3,186.660104849
