,LOSS,RMSE,NLL,Q-10,Q-20,Q-30,Q-40,Q-50,Q-60,Q-70,Q-80,Q-90,CRPS,val_NLL,prior_std,log_variance,iterations,weight_decay,dataset,MAP_iterations,M,seed,time
0,0.0,9.968822,7.336282253265381,0.07840310782194138,0.1573401242494583,0.23614062368869781,0.31586363911628723,0.3956538736820221,0.4775162935256958,0.5613240003585815,0.6487134695053101,0.745768129825592,3.5661637783050537,6.1981892585754395,0.7,-4.0,40000,0.01,Taxi,20000,2000,1,546.506055385
