,LOSS,RMSE,NLL,Q-10,Q-20,Q-30,Q-40,Q-50,Q-60,Q-70,Q-80,Q-90,CRPS,val_NLL,prior_std,log_variance,iterations,weight_decay,dataset,MAP_iterations,M,seed,time
0,0.0,9.968822,4.5086822509765625,0.12907500565052032,0.2550356984138489,0.37543851137161255,0.4875389635562897,0.5901501774787903,0.6804519295692444,0.7589223384857178,0.8249557614326477,0.8850849866867065,3.506150722503662,4.072431564331055,0.7,-3.0,40000,0.01,Taxi,20000,2000,0,804.360422943
