,LOSS,RMSE,NLL,Q-10,Q-20,Q-30,Q-40,Q-50,Q-60,Q-70,Q-80,Q-90,CRPS,val_NLL,prior_std,log_variance,iterations,weight_decay,dataset,MAP_iterations,M,seed,time
0,0.0,9.968822,3.7519524097442627,0.21029382944107056,0.4027128517627716,0.5653766989707947,0.6909536123275757,0.7824081778526306,0.8461087942123413,0.8926026821136475,0.9261210560798645,0.9539187550544739,3.7536962032318115,3.591512441635132,0.3,-2.0,40000,0.01,Taxi,20000,2000,1,1161.7219068109998
