,LOSS,RMSE,NLL,Q-10,Q-20,Q-30,Q-40,Q-50,Q-60,Q-70,Q-80,Q-90,CRPS,val_NLL,prior_std,log_variance,iterations,weight_decay,dataset,MAP_iterations,M,seed,time
0,0.0,9.968822,3.790959119796753,0.3364969789981842,0.5986382961273193,0.7626326084136963,0.8528452515602112,0.9047971367835999,0.9365658164024353,0.9569681286811829,0.9711844325065613,0.9818212389945984,4.547687530517578,3.730971336364746,0.1,-1.0,40000,0.01,Taxi,20000,2000,0,810.31354391
