,LOSS,RMSE,NLL,Q-10,Q-20,Q-30,Q-40,Q-50,Q-60,Q-70,Q-80,Q-90,CRPS,val_NLL,prior_std,log_variance,iterations,weight_decay,dataset,MAP_iterations,M,seed,time
0,0.0,38.90298,5.086485862731934,0.13425029814243317,0.27570345997810364,0.42221373319625854,0.5627127885818481,0.6866577863693237,0.7879087328910828,0.862825870513916,0.9114497303962708,0.9363495111465454,18.43711280822754,4.976179599761963,0.7,-0.0,40000,0.01,Airline,20000,2000,2,266.530662551
