,LOSS,RMSE,NLL,Q-10,Q-20,Q-30,Q-40,Q-50,Q-60,Q-70,Q-80,Q-90,CRPS,val_NLL,prior_std,log_variance,iterations,weight_decay,dataset,MAP_iterations,M,seed,time
0,0.0,38.90298,5.5936455726623535,0.081803098320961,0.16536813974380493,0.25289618968963623,0.3483927845954895,0.44829586148262024,0.5495047569274902,0.6525912880897522,0.7533382773399353,0.8514073491096497,18.034564971923828,5.293907642364502,0.9,-1.0,40000,0.01,Airline,20000,2000,1,375.780149579
