,LOSS,RMSE,NLL,Q-10,Q-20,Q-30,Q-40,Q-50,Q-60,Q-70,Q-80,Q-90,CRPS,val_NLL,prior_std,log_variance,iterations,weight_decay,dataset,MAP_iterations,M,seed,time
0,0.0,9.968822,15.971138954162598,0.047924596816301346,0.09608468413352966,0.14517949521541595,0.19666787981987,0.250234454870224,0.30805569887161255,0.3721311688423157,0.4468977153301239,0.5454404354095459,3.7573952674865723,12.876164436340332,0.2,-5.0,40000,0.01,Taxi,20000,2000,0,966.493021842
