,LOSS,RMSE,NLL,Q-10,Q-20,Q-30,Q-40,Q-50,Q-60,Q-70,Q-80,Q-90,CRPS,val_NLL,prior_std,log_variance,iterations,weight_decay,dataset,MAP_iterations,M,seed,time
0,0.0,9.968822,3.751711368560791,0.21030497550964355,0.4027318060398102,0.5654028654098511,0.6909797787666321,0.7824248671531677,0.8461195826530457,0.8926138877868652,0.9261294603347778,0.953924834728241,3.7537474632263184,3.5912160873413086,0.6,-2.0,40000,0.01,Taxi,20000,2000,4,811.589214718
