,LOSS,RMSE,NLL,Q-10,Q-20,Q-30,Q-40,Q-50,Q-60,Q-70,Q-80,Q-90,CRPS,val_NLL,prior_std,log_variance,iterations,weight_decay,dataset,MAP_iterations,M,seed,time
0,0.0,9.968822,3.793468475341797,0.3363218605518341,0.5983763337135315,0.7624022960662842,0.8527107238769531,0.9046813249588013,0.936489999294281,0.9569255709648132,0.9711481332778931,0.9818003177642822,4.546269416809082,3.731590747833252,0.01,-1.0,40000,0.01,Taxi,20000,2000,2,2791.4082477300003
