,LOSS,RMSE,NLL,Q-10,Q-20,Q-30,Q-40,Q-50,Q-60,Q-70,Q-80,Q-90,CRPS,val_NLL,prior_std,log_variance,iterations,weight_decay,dataset,MAP_iterations,M,seed,time
0,0.0,9.968822,3.7516796588897705,0.21030516922473907,0.40273231267929077,0.5654030442237854,0.6909802556037903,0.7824251651763916,0.8461200594902039,0.8926140666007996,0.9261295795440674,0.9539250731468201,3.753749132156372,3.5912067890167236,0.9,-2.0,40000,0.01,Taxi,20000,2000,4,803.321157542
