,LOSS,RMSE,NLL,Q-10,Q-20,Q-30,Q-40,Q-50,Q-60,Q-70,Q-80,Q-90,CRPS,val_NLL,prior_std,log_variance,iterations,weight_decay,dataset,MAP_iterations,M,seed,time
0,0.0,9.968822,3.7908072471618652,0.33650609850883484,0.5986490845680237,0.762640655040741,0.8528510928153992,0.9048020243644714,0.9365696907043457,0.9569693207740784,0.9711863398551941,0.9818218350410461,4.54774808883667,3.730937957763672,0.9,-1.0,40000,0.01,Taxi,20000,2000,2,809.1683115059999
