,LOSS,RMSE,NLL,Q-10,Q-20,Q-30,Q-40,Q-50,Q-60,Q-70,Q-80,Q-90,CRPS,val_NLL,prior_std,log_variance,iterations,weight_decay,dataset,MAP_iterations,M,seed,time
0,0.0,9.968822,15.956250190734863,0.047928985208272934,0.09609036147594452,0.14518876373767853,0.19668249785900116,0.2502520978450775,0.3080800771713257,0.37216269969940186,0.4469326436519623,0.5454756021499634,3.757350444793701,12.864706039428711,0.6,-5.0,40000,0.01,Taxi,20000,2000,3,484.99757910100004
