,LOSS,RMSE,NLL,Q-10,Q-20,Q-30,Q-40,Q-50,Q-60,Q-70,Q-80,Q-90,CRPS,val_NLL,prior_std,log_variance,iterations,weight_decay,dataset,MAP_iterations,M,seed,time
0,0.0,9.968822,16.202184677124023,0.04790806025266647,0.09605053812265396,0.14512382447719574,0.1965915411710739,0.2501463294029236,0.30795255303382874,0.3720037341117859,0.44676080346107483,0.5452908277511597,3.7575571537017822,12.960840225219727,0.01,-5.0,40000,0.01,Taxi,20000,2000,4,812.216848299
