,LOSS,RMSE,NLL,Q-10,Q-20,Q-30,Q-40,Q-50,Q-60,Q-70,Q-80,Q-90,CRPS,val_NLL,prior_std,log_variance,iterations,weight_decay,dataset,MAP_iterations,M,seed,time
0,0.0,9.968822,3.789780616760254,0.3365243375301361,0.5986762642860413,0.7626659274101257,0.8528673648834229,0.9048137664794922,0.9365783929824829,0.9569750428199768,0.9711901545524597,0.9818241000175476,4.547902584075928,3.7306885719299316,0.7,-1.0,40000,0.01,Taxi,20000,2000,1,808.424040915
