,LOSS,RMSE,NLL,Q-10,Q-20,Q-30,Q-40,Q-50,Q-60,Q-70,Q-80,Q-90,CRPS,val_NLL,prior_std,log_variance,iterations,weight_decay,dataset,MAP_iterations,M,seed,time
0,0.0,38.90298,7.826601028442383,0.04918402060866356,0.09928707033395767,0.15236933529376984,0.20799219608306885,0.2699606716632843,0.3390881419181824,0.41811180114746094,0.5117876529693604,0.6341818571090698,18.944440841674805,7.013269901275635,0.7,-2.0,40000,0.01,Airline,20000,2000,2,187.229948163
