,LOSS,RMSE,NLL,Q-10,Q-20,Q-30,Q-40,Q-50,Q-60,Q-70,Q-80,Q-90,CRPS,val_NLL,prior_std,log_variance,iterations,weight_decay,dataset,MAP_iterations,M,seed,time
0,0.0,9.968822,7.325572967529297,0.07841283828020096,0.157357856631279,0.23617275059223175,0.3158971965312958,0.39569908380508423,0.47756704688072205,0.5613819360733032,0.6487658619880676,0.745808482170105,3.566118001937866,6.1920318603515625,0.3,-4.0,40000,0.01,Taxi,20000,2000,4,536.198405959
