,LOSS,RMSE,NLL,Q-10,Q-20,Q-30,Q-40,Q-50,Q-60,Q-70,Q-80,Q-90,CRPS,val_NLL,prior_std,log_variance,iterations,weight_decay,dataset,MAP_iterations,M,seed,time
0,0.0,9.968822,4.120580673217773,0.5153087377548218,0.7887505888938904,0.8944156169891357,0.9396149516105652,0.9624164700508118,0.9751667976379395,0.9829909205436707,0.9878140091896057,0.9916785955429077,6.221762180328369,4.097914695739746,0.8,-0.0,40000,0.01,Taxi,20000,2000,2,3390.30695165
