,LOSS,RMSE,NLL,Q-10,Q-20,Q-30,Q-40,Q-50,Q-60,Q-70,Q-80,Q-90,CRPS,val_NLL,prior_std,log_variance,iterations,weight_decay,dataset,MAP_iterations,M,seed,time
0,0.0,38.90298,7.828064918518066,0.04918172210454941,0.09927317500114441,0.1523411124944687,0.20797066390514374,0.26992931962013245,0.3390473425388336,0.4180659055709839,0.5117367506027222,0.6341142654418945,18.944732666015625,7.014252185821533,0.3,-2.0,40000,0.01,Airline,20000,2000,2,184.09364220199998
