,LOSS,RMSE,NLL,Q-10,Q-20,Q-30,Q-40,Q-50,Q-60,Q-70,Q-80,Q-90,CRPS,val_NLL,prior_std,log_variance,iterations,weight_decay,dataset,MAP_iterations,M,seed,time
0,0.0,9.968822,7.420352935791016,0.07834327965974808,0.15724225342273712,0.23595894873142242,0.3156362473964691,0.3954009711742401,0.47721564769744873,0.5610107183456421,0.6483889222145081,0.7454957365989685,3.566409111022949,6.2357001304626465,0.8,-4.0,40000,0.01,Taxi,20000,2000,4,794.520107889
