,LOSS,RMSE,NLL,Q-10,Q-20,Q-30,Q-40,Q-50,Q-60,Q-70,Q-80,Q-90,CRPS,val_NLL,prior_std,log_variance,iterations,weight_decay,dataset,MAP_iterations,M,seed,time
0,0.0,9.968822,4.120474338531494,0.5153196454048157,0.7887617349624634,0.894419252872467,0.9396194219589233,0.9624204635620117,0.9751690030097961,0.9829919338226318,0.987814724445343,0.9916789531707764,6.221904277801514,4.097903728485107,0.2,-0.0,40000,0.01,Taxi,20000,2000,1,2876.27117251
