,LOSS,RMSE,NLL,Q-10,Q-20,Q-30,Q-40,Q-50,Q-60,Q-70,Q-80,Q-90,CRPS,val_NLL,prior_std,log_variance,iterations,weight_decay,dataset,MAP_iterations,M,seed,time
0,0.0,9.968822,16.42312240600586,0.04787854850292206,0.09599390625953674,0.14503100514411926,0.1964714676141739,0.24998481571674347,0.307773232460022,0.37176617980003357,0.44651690125465393,0.5450003147125244,3.7578537464141846,13.051887512207031,0.001,-5.0,40000,0.01,Taxi,20000,2000,4,835.833512362
