,LOSS,RMSE,NLL,Q-10,Q-20,Q-30,Q-40,Q-50,Q-60,Q-70,Q-80,Q-90,CRPS,val_NLL,prior_std,log_variance,iterations,weight_decay,dataset,MAP_iterations,M,seed,time
0,0.0,9.968822,15.956343650817871,0.047928985208272934,0.09609036147594452,0.14518873393535614,0.196682408452034,0.2502520978450775,0.3080800473690033,0.3721625804901123,0.4469325542449951,0.5454755425453186,3.757350444793701,12.864745140075684,0.5,-5.0,40000,0.01,Taxi,20000,2000,3,547.476764386
