,LOSS,RMSE,NLL,Q-10,Q-20,Q-30,Q-40,Q-50,Q-60,Q-70,Q-80,Q-90,CRPS,val_NLL,prior_std,log_variance,iterations,weight_decay,dataset,MAP_iterations,M,seed,time
0,0.0,38.90298,14.76144790649414,0.029964258894324303,0.06057572364807129,0.09169598668813705,0.12448769807815552,0.1617891639471054,0.2023324966430664,0.2501509487628937,0.3126087188720703,0.4026739001274109,20.257932662963867,12.550146102905273,0.3,-3.0,40000,0.01,Airline,20000,2000,1,272.610085868
