,LOSS,RMSE,NLL,Q-10,Q-20,Q-30,Q-40,Q-50,Q-60,Q-70,Q-80,Q-90,CRPS,val_NLL,prior_std,log_variance,iterations,weight_decay,dataset,MAP_iterations,M,seed,time
0,0.0,9.968822,7.343274116516113,0.07840129733085632,0.15733642876148224,0.23613519966602325,0.3158566951751709,0.39564621448516846,0.4775037467479706,0.5613119602203369,0.6486998796463013,0.7457576394081116,3.5661754608154297,6.200934410095215,0.1,-4.0,40000,0.01,Taxi,20000,2000,0,849.840506988
