,LOSS,RMSE,NLL,Q-10,Q-20,Q-30,Q-40,Q-50,Q-60,Q-70,Q-80,Q-90,CRPS,val_NLL,prior_std,log_variance,iterations,weight_decay,dataset,MAP_iterations,M,seed,time
0,0.0,9.968822,4.528555393218994,0.12908761203289032,0.2550460994243622,0.3754747807979584,0.4875839650630951,0.5901779532432556,0.6804794669151306,0.7589519023895264,0.8249771595001221,0.8851040601730347,3.506160020828247,4.077198505401611,0.01,-3.0,40000,0.01,Taxi,20000,2000,4,547.2873830819999
