,LOSS,RMSE,NLL,Q-10,Q-20,Q-30,Q-40,Q-50,Q-60,Q-70,Q-80,Q-90,CRPS,val_NLL,prior_std,log_variance,iterations,weight_decay,dataset,MAP_iterations,M,seed,time
0,0.0,38.90298,5.592282772064209,0.08182231336832047,0.1654321253299713,0.2529892325401306,0.3484870493412018,0.44844818115234375,0.5496918559074402,0.6527348160743713,0.7535285353660583,0.8515121936798096,18.03426742553711,5.292963981628418,0.8,-1.0,40000,0.01,Airline,20000,2000,2,314.825245853
