,LOSS,RMSE,NLL,Q-10,Q-20,Q-30,Q-40,Q-50,Q-60,Q-70,Q-80,Q-90,CRPS,val_NLL,prior_std,log_variance,iterations,weight_decay,dataset,MAP_iterations,M,seed,time
0,0.0,9.968822,15.970175743103027,0.04792466387152672,0.09608481079339981,0.14517958462238312,0.19666799902915955,0.2502349019050598,0.3080560266971588,0.37213173508644104,0.44689831137657166,0.5454408526420593,3.757395029067993,12.875772476196289,0.3,-5.0,40000,0.01,Taxi,20000,2000,0,1068.357943949
