,LOSS,RMSE,NLL,Q-10,Q-20,Q-30,Q-40,Q-50,Q-60,Q-70,Q-80,Q-90,CRPS,val_NLL,prior_std,log_variance,iterations,weight_decay,dataset,MAP_iterations,M,seed,time
0,0.0,38.90298,88.87117004394531,0.011244292370975018,0.022455478087067604,0.03370075672864914,0.04601764306426048,0.05937712639570236,0.07445196062326431,0.09074447304010391,0.11181594431400299,0.14472685754299164,22.2805118560791,72.54246520996094,0.4,-5.0,40000,0.01,Airline,20000,2000,2,184.239706887
